{
  "data_min_": [
    2.064630769502108,
    0.05,
    16.13,
    2.064630769502108,
    2.064630769502108
  ],
  "data_max_": [
    5.695647189544789,
    39.98,
    26.45,
    5.695647189544789,
    5.695647189544789
  ],
  "scale_": [
    0.2754049787492411,
    0.02504382669671926,
    0.09689922480620154,
    0.2754049787492411,
    0.2754049787492411
  ],
  "min_": [
    -0.5686095931997573,
    -0.0012521913348359631,
    -1.5629844961240307,
    -0.5686095931997573,
    -0.5686095931997573
  ],
  "feature_range": [
    0,
    1
  ],
  "features": [
    "Price_USD_per_kg",
    "Rainfall_mm",
    "Temperature_C",
    "Price_7d_ago",
    "Price_30d_ago"
  ]
}